text,source,type,label,category
"Deutsche Bank: INR 35,000.00 credited to a/c 40XXXXXXXXX0019 on 20-Aug 10:55. Clear Balance: INR 75,000.00. Ref: NEFT/ABER000123.",https://www.deutschebank.co.in/en/connect-with-us/sms-alert.html,SMS,safe,transaction_credit
"ICICI Bank: INR 1,200.00 debited from A/c XX1234 on 20-Aug-2025 10:45 for UPI/rahim@icici/UPI Ref: 2345678912.",https://www.icicibank.com/mobile-banking/sms-banking,SMS,safe,transaction_debit
"PNB: Cash withdrawal of INR 5,000.00 from ATM at NEW DELHI on 19-Aug-2025 18:14. A/c XX7781. Avl Bal: INR 23,441.00.",Transactional SMS format references (DLT templates),SMS,safe,atm_withdrawal
HDFC Bank: Your OTP for UPI login is 482193. Do not share this with anyone. Valid for 10 minutes.,https://www.infobip.com/docs/essentials/asia-registration/dlt-templates,SMS,safe,otp
"SBI: Avl Bal in A/c XX4507 as of 20-Aug-2025 09:12 is INR 12,540.55. SMS charges as per schedule.",https://www.sbi.co.in/documents/16012/22770835/150722-Revision+in+Service+Charges+updated+as+on+30062022.pdf,SMS,safe,balance_alert
"ICICI Bank: IMPS transfer of INR 2,500.00 to 98XXXXXX54/MMID 9229134 is successful. Ref: IMPS 0287123291.",https://www.icicibank.com/mobile-banking/alerts,SMS,safe,imps_notice
SBI WhatsApp Banking: Registration successful for A/c ending 1234. Say 'Hi' to +919022690226 to start.,https://sbi.co.in/web/personal-banking/digital/whatsapp-banking,WhatsApp,safe,service_enrolment
"SBI: International usage for Debit Card XXXX4456 is switched ON as requested. To switch OFF, send SMS SWOFF INTL 4456 to 9223966666.",https://www.sbi.co.in/documents/16012/78812/16102020_Enhanced+Seucirty+of+Card+Transactions.pdf,SMS,safe,card_settings
Axis Bank: UPI payment of INR 750.00 to singh@okicici on 20-Aug-2025 11:12 is SUCCESS. UPI Ref: 913827364512.,General bank UPI alert structure (DLT templates),SMS,safe,upi_success
SBI: Never share OTP/PIN with anyone. Bank will never ask for OTP/UPI PIN over phone or link.,https://www.icicibank.com/mobile-banking/sms-banking-faqs,SMS,safe,security_advisory
SBI NOTICE: Your YONO access will be blocked in 24 hrs due to KYC pending. Update now: https://sbi-yono-verification.com,Pattern per NPCI Fraud Awareness (never click unknown links),SMS,scam,kyc_expiry
"Amazon Refund Dept: ₹2,999 sent by mistake. Approve UPI reversal request now to avoid legal action.",https://paytm.com/blog/payments/upi/how-to-identify-fake-upi-payment-request/,WhatsApp,scam,refund_bait
ICICI Bank Alert: Unusual login detected. Cancel here immediately → http://icici-secure-check.in Ref: IC-229181,Phishing pattern per CERT-In advisories,SMS,scam,suspicious_login
"Received ₹200 in error. Please send ₹20,000 now by approving the UPI request from randomid@upi.",https://m.economictimes.com/wealth/save/new-upi-scam-fraudsters-send-you-rs-200-00-and-asks-to-return-rs-20000-00-how-to-protect-yourself-from-upi-overpayment-scam/articleshow/110815938.cms,WhatsApp,scam,overpayment
Payment done. UPI Ref: 9823746123. Check screenshot attached. Release goods now.,https://razorpay.com/learn/fake-payment-screenshot-scam/,SMS,scam,fake_screenshot
"RBI LOTTERY 2025: You have won ₹10,00,000. Pay ₹1,999 registration to receive funds. http://rbilottery-verify.in",https://www.rbi.org.in/commonman/english/scripts/PressReleases.aspx?Id=2440,SMS,scam,lottery
Bank Security: We will merge a verification call. Keep your line active and share OTP to cancel fraudulent transaction.,https://timesofindia.indiatimes.com/technology/tech-news/call-merging-scam-what-is-the-new-fraud-that-npci-has-warned-about/articleshow/118444907.cms,WhatsApp,scam,call_merge_otp
"Axis Bank: Pre-approved loan ₹2,00,000. Get disbursed in 5 mins after processing fee ₹799. http://axisloan-fast.in",General phishing pattern; RBI awareness week coverage,SMS,scam,loan_fee
Electricity Dept: Bill pending. Disconnection tonight. Pay now: http://powerbill-upi.in Helpline: +91-9876543210,Common utility bill scam pattern (media reports),WhatsApp,scam,power_bill
"Your a/c credited ₹50,000. Refund excess ₹49,500 immediately via UPI link.",https://timesofindia.indiatimes.com/city/vadodara/senior-citizen-outwits-conmen-using-fake-credit-sms-trick/articleshow/122054377.cms,SMS,scam,fake_credit_sms
"dbox: Fifth Cohort on Theme ‘Neutral’ –– ExitCompliance with Hon’ble Supreme Court Order dated April 30, 2025 in the matter of Pragya Prasun and Ors",Banking SMS Examples,banking,suspicious,web_scraped
"HDFC: Your credit card payment of ₹15,000 received. Thank you. -HDFCBNK",Synthetic - Complementary,banking,safe,complementary_legitimate
"Axis Bank: Your FD of ₹100,000 has matured. Amount credited to your account. -AXISBNK",Synthetic - Complementary,banking,safe,complementary_legitimate
"PNB: Your cheque for ₹25,000 has been cleared. Available balance: ₹75,000. -PNBBNK",Synthetic - Complementary,banking,safe,complementary_legitimate
"Canara Bank: Your loan EMI of ₹8,500 has been debited. Next EMI due: 15th Dec. -CANARABK",Synthetic - Complementary,banking,safe,complementary_legitimate
Union Bank: Your account statement is ready. Download from mobile app. -UNIONBNK,Synthetic - Complementary,banking,safe,complementary_legitimate
Deutsche Bank: Welcome! Your account has been activated successfully. -DEUTBNK,Synthetic - Complementary,banking,safe,complementary_legitimate
"Kotak Bank: Your UPI transaction of ₹2,500 to merchant@upi successful. -KOTAKBNK",Synthetic - Complementary,banking,safe,complementary_legitimate
Yes Bank: Your mobile banking registration is complete. -YESBNK,Synthetic - Complementary,banking,safe,complementary_legitimate
IDFC Bank: Your account verification is successful. Welcome aboard! -IDFCBNK,Synthetic - Complementary,banking,safe,complementary_legitimate
Amazon: Your order #12345 has been cancelled. Click here to reactivate: amzn-order-verify.com,Synthetic - Complementary,scam,scam,complementary_scam
PayPal: Account suspended due to suspicious activity. Verify now: paypal-secure-verify.com,Synthetic - Complementary,scam,scam,complementary_scam
Netflix: Payment failed. Update payment method: netflix-payment-update.com,Synthetic - Complementary,scam,scam,complementary_scam
Google: Your account will be deleted in 24 hours. Verify now: google-account-verify.com,Synthetic - Complementary,scam,scam,complementary_scam
Microsoft: Unusual login detected. Secure your account: microsoft-secure-verify.com,Synthetic - Complementary,scam,scam,complementary_scam
Apple: Your iCloud storage is full. Upgrade now: apple-storage-upgrade.com,Synthetic - Complementary,scam,scam,complementary_scam
WhatsApp: Your number will be banned. Verify now: whatsapp-verify-account.com,Synthetic - Complementary,scam,scam,complementary_scam
Telegram: Account suspended. Appeal here: telegram-appeal-verify.com,Synthetic - Complementary,scam,scam,complementary_scam
Instagram: Your account has been reported. Verify identity: instagram-verify-id.com,Synthetic - Complementary,scam,scam,complementary_scam
